key,value
output_dir,output
fp16,False
fp16_opt_level,O1
n_gpu,1
n_tpu_cores,0
max_grad_norm,1.0
do_train,True
do_predict,False
gradient_accumulation_steps,1
server_ip,
server_port,
seed,42
model_type,bert
model_name_or_path,bert-base-uncased
config_name,
tokenizer_name,
cache_dir,
do_lower_case,False
learning_rate,5e-05
weight_decay,0.0
adam_epsilon,1e-08
warmup_steps,0
num_train_epochs,10
train_batch_size,1
eval_batch_size,1
max_seq_length_src,32
max_seq_length_tgt,32
labels,
data_dir,../../data
overwrite_cache,False
debug,False
thresh,1
